{"loss": 0.9200315197563036, "accuracy": 0.6572452187538147, "_timestamp": 1688855242.8337743, "_runtime": 216.95607924461365, "_step": 2, "_wandb": {"runtime": 215}}