{"loss": 0.5332600459109905, "accuracy": 0.8333984613418579, "_timestamp": 1688831539.073573, "_runtime": 46.927810192108154, "_step": 14, "_wandb": {"runtime": 45}}