{"loss": 0.026435794636696156, "accuracy": 0.7742834687232971, "_timestamp": 1688835001.6708822, "_runtime": 591.8024373054504, "_step": 14, "_wandb": {"runtime": 591}}