{"loss": 1.1048779524465613, "accuracy": 0.6154458522796631, "_timestamp": 1688855020.5658383, "_runtime": 212.14391922950745, "_step": 2, "_wandb": {"runtime": 211}}