{"loss": 1.1051701008214456, "accuracy": 0.6158439517021179, "_timestamp": 1688854749.355121, "_runtime": 214.0723419189453, "_step": 2, "_wandb": {"runtime": 223}}