{"loss": 0.2799056290194046, "accuracy": 0.9208984375, "_timestamp": 1688831487.760304, "_runtime": 194.11308598518372, "_step": 14, "_wandb": {"runtime": 46}}