{"loss": 1.3793868599161665, "accuracy": 0.5322452187538147, "_timestamp": 1688854497.4610982, "_runtime": 144.03186511993408, "_step": 1, "_wandb": {"runtime": 144}}